file,class,method,constructor,line,cbo,cboModified,fanin,fanout,wmc,rfc,loc,returnsQty,variablesQty,parametersQty,methodsInvokedQty,methodsInvokedLocalQty,methodsInvokedIndirectLocalQty,loopQty,comparisonsQty,tryCatchQty,parenthesizedExpsQty,stringLiteralsQty,numbersQty,assignmentsQty,mathOperationsQty,maxNestedBlocksQty,anonymousClassesQty,innerClassesQty,lambdasQty,uniqueWordsQty,modifiers,logStatementsQty,hasJavaDoc
d:\SoftwareEngineering\roller-master\roller-master\app\src\main\java\org\apache\roller\weblogger\ui\core\security\RollerRememberMeAuthenticationProvider.java,org.apache.roller.weblogger.ui.core.security.RollerRememberMeAuthenticationProvider,RollerRememberMeAuthenticationProvider/0,true,31,1,2,0,2,3,5,8,0,0,0,5,0,0,0,0,0,0,8,0,0,2,1,0,0,0,30,1,2,false
d:\SoftwareEngineering\roller-master\roller-master\app\src\main\java\org\apache\roller\weblogger\ui\struts2\admin\UserAdmin.java,org.apache.roller.weblogger.ui.struts2.admin.UserAdmin,edit/0,false,65,0,0,0,0,1,0,3,1,0,0,0,0,0,0,0,0,0,1,0,0,0,0,0,0,0,1,1,0,false
d:\SoftwareEngineering\roller-master\roller-master\app\src\main\java\org\apache\roller\weblogger\ui\struts2\admin\UserAdmin.java,org.apache.roller.weblogger.ui.struts2.admin.UserAdmin,getBean/0,false,73,1,0,0,0,1,0,3,1,0,0,0,0,0,0,0,0,0,0,0,0,0,0,0,0,0,5,1,0,false
d:\SoftwareEngineering\roller-master\roller-master\app\src\main\java\org\apache\roller\weblogger\ui\struts2\admin\UserAdmin.java,org.apache.roller.weblogger.ui.struts2.admin.UserAdmin,UserAdmin/0,true,39,0,0,0,0,1,0,5,0,0,0,0,0,0,0,0,0,0,3,0,3,0,0,0,0,0,2,1,0,false
d:\SoftwareEngineering\roller-master\roller-master\app\src\main\java\org\apache\roller\weblogger\ui\struts2\admin\UserAdmin.java,org.apache.roller.weblogger.ui.struts2.admin.UserAdmin,setBean/1[org.apache.roller.weblogger.ui.struts2.admin.CreateUserBean],false,77,1,0,0,0,1,0,3,0,0,1,0,0,0,0,0,0,0,0,0,1,0,0,0,0,0,5,1,0,false
d:\SoftwareEngineering\roller-master\roller-master\app\src\main\java\org\apache\roller\weblogger\ui\struts2\admin\UserAdmin.java,org.apache.roller.weblogger.ui.struts2.admin.UserAdmin,requiredGlobalPermissionActions/0,false,49,0,0,0,0,1,1,3,1,0,0,1,0,0,0,0,0,0,0,0,0,0,0,0,0,0,4,1,0,false
d:\SoftwareEngineering\roller-master\roller-master\app\src\main\java\org\apache\roller\weblogger\ui\struts2\admin\UserAdmin.java,org.apache.roller.weblogger.ui.struts2.admin.UserAdmin,isWeblogRequired/0,false,55,0,0,0,0,1,0,3,1,0,0,0,0,0,0,0,0,0,0,0,0,0,0,0,0,0,4,1,0,false
d:\SoftwareEngineering\roller-master\roller-master\app\src\main\java\org\apache\roller\weblogger\ui\struts2\admin\UserAdmin.java,org.apache.roller.weblogger.ui.struts2.admin.UserAdmin,getAuthMethod/0,false,69,0,0,0,0,1,1,3,1,0,0,1,0,0,0,0,0,0,0,0,0,0,0,0,0,0,3,1,0,false
d:\SoftwareEngineering\roller-master\roller-master\app\src\main\java\org\apache\roller\weblogger\ui\struts2\admin\UserAdmin.java,org.apache.roller.weblogger.ui.struts2.admin.UserAdmin,execute/0,false,61,0,0,0,0,1,0,3,1,0,0,0,0,0,0,0,0,0,0,0,0,0,0,0,0,0,5,1,0,false
d:\SoftwareEngineering\roller-master\roller-master\app\src\main\java\org\apache\roller\weblogger\ui\core\security\RollerUserDetailsService.java,org.apache.roller.weblogger.ui.core.security.RollerUserDetailsService,"getAuthorities/2[org.apache.roller.weblogger.pojos.User,org.apache.roller.weblogger.business.UserManager]",false,97,3,2,1,1,2,3,8,1,2,2,3,0,0,1,0,0,0,0,0,2,0,1,0,0,0,14,2,0,false
d:\SoftwareEngineering\roller-master\roller-master\app\src\main\java\org\apache\roller\weblogger\ui\core\security\RollerUserDetailsService.java,org.apache.roller.weblogger.ui.core.security.RollerUserDetailsService,loadUserByUsername/1[java.lang.String],false,29,12,7,0,7,11,14,60,2,8,1,14,1,1,0,3,4,0,14,3,13,3,4,0,0,0,53,1,2,true
d:\SoftwareEngineering\roller-master\roller-master\app\src\main\java\org\apache\roller\weblogger\pojos\WeblogPermission.java,org.apache.roller.weblogger.pojos.WeblogPermission,"WeblogPermission/3[org.apache.roller.weblogger.pojos.Weblog,org.apache.roller.weblogger.pojos.User,java.lang.String]",true,44,3,3,0,3,1,3,7,0,0,3,3,0,0,0,0,0,0,2,0,3,1,0,0,0,0,10,1,0,false
d:\SoftwareEngineering\roller-master\roller-master\app\src\main\java\org\apache\roller\weblogger\pojos\WeblogPermission.java,org.apache.roller.weblogger.pojos.WeblogPermission,getWeblog/0,false,67,4,7,4,3,2,3,6,2,0,0,3,0,0,0,1,0,0,0,0,0,0,1,0,0,0,7,1,0,false
d:\SoftwareEngineering\roller-master\roller-master\app\src\main\java\org\apache\roller\weblogger\pojos\WeblogPermission.java,org.apache.roller.weblogger.pojos.WeblogPermission,WeblogPermission/0,true,40,0,0,0,0,1,0,2,0,0,0,0,0,0,0,0,0,0,0,0,0,0,0,0,0,0,2,1,0,false
d:\SoftwareEngineering\roller-master\roller-master\app\src\main\java\org\apache\roller\weblogger\pojos\WeblogPermission.java,org.apache.roller.weblogger.pojos.WeblogPermission,"WeblogPermission/2[org.apache.roller.weblogger.pojos.Weblog,java.util.List<java.lang.String>]",true,60,2,3,1,2,1,2,6,0,0,2,2,0,0,0,0,0,0,2,0,2,0,0,0,0,0,11,1,0,false
d:\SoftwareEngineering\roller-master\roller-master\app\src\main\java\org\apache\roller\weblogger\pojos\WeblogPermission.java,org.apache.roller.weblogger.pojos.WeblogPermission,"WeblogPermission/3[org.apache.roller.weblogger.pojos.Weblog,org.apache.roller.weblogger.pojos.User,java.util.List<java.lang.String>]",true,52,3,6,3,3,1,3,7,0,0,3,3,0,0,0,0,0,0,2,0,3,1,0,0,0,0,12,1,0,false
d:\SoftwareEngineering\roller-master\roller-master\app\src\main\java\org\apache\roller\weblogger\pojos\WeblogPermission.java,org.apache.roller.weblogger.pojos.WeblogPermission,toString/0,false,113,1,1,0,1,2,3,8,1,1,0,3,0,0,1,0,0,0,3,0,1,0,1,0,0,0,9,1,0,false
d:\SoftwareEngineering\roller-master\roller-master\app\src\main\java\org\apache\roller\weblogger\pojos\WeblogPermission.java,org.apache.roller.weblogger.pojos.WeblogPermission,equals/1[java.lang.Object],false,123,3,3,0,3,3,5,10,3,1,1,5,0,0,0,1,0,1,0,0,1,0,1,0,0,0,15,1,0,false
d:\SoftwareEngineering\roller-master\roller-master\app\src\main\java\org\apache\roller\weblogger\pojos\WeblogPermission.java,org.apache.roller.weblogger.pojos.WeblogPermission,implies/1[java.security.Permission],false,82,2,2,0,2,10,3,27,6,1,1,3,0,0,2,0,0,0,0,0,1,0,4,0,0,0,23,1,0,false
d:\SoftwareEngineering\roller-master\roller-master\app\src\main\java\org\apache\roller\weblogger\pojos\WeblogPermission.java,org.apache.roller.weblogger.pojos.WeblogPermission,getUser/0,false,74,4,6,3,3,2,3,6,2,0,0,3,0,0,0,1,0,0,0,0,0,0,1,0,0,0,7,1,0,false
d:\SoftwareEngineering\roller-master\roller-master\app\src\main\java\org\apache\roller\weblogger\pojos\WeblogPermission.java,org.apache.roller.weblogger.pojos.WeblogPermission,hashCode/0,false,139,2,3,0,3,1,5,3,1,0,0,5,0,0,0,0,0,0,0,0,0,0,0,0,0,0,10,1,0,false
d:\SoftwareEngineering\roller-master\roller-master\app\src\main\java\org\apache\roller\weblogger\pojos\RollerPermission.java,org.apache.roller.weblogger.pojos.RollerPermission,getActionsAsList/0,false,43,1,10,9,1,1,2,3,1,0,0,2,1,1,0,0,0,0,1,0,0,0,0,0,0,0,4,1,0,false
d:\SoftwareEngineering\roller-master\roller-master\app\src\main\java\org\apache\roller\weblogger\pojos\RollerPermission.java,org.apache.roller.weblogger.pojos.RollerPermission,hasActions/1[java.util.List<java.lang.String>],false,56,1,1,0,1,3,2,9,2,1,1,2,1,2,1,0,0,0,0,0,1,0,2,0,0,0,11,1,0,false
d:\SoftwareEngineering\roller-master\roller-master\app\src\main\java\org\apache\roller\weblogger\pojos\RollerPermission.java,org.apache.roller.weblogger.pojos.RollerPermission,addActions/1[org.apache.roller.weblogger.pojos.ObjectPermission],false,69,2,2,0,2,3,4,10,0,2,1,4,2,3,1,0,0,0,0,0,2,0,2,0,0,0,15,1,0,true
d:\SoftwareEngineering\roller-master\roller-master\app\src\main\java\org\apache\roller\weblogger\pojos\RollerPermission.java,org.apache.roller.weblogger.pojos.RollerPermission,setActionsAsList/1[java.util.List<java.lang.String>],false,47,1,9,8,1,1,2,3,0,0,1,2,1,1,0,0,0,0,1,0,0,0,0,0,0,0,5,1,0,false
d:\SoftwareEngineering\roller-master\roller-master\app\src\main\java\org\apache\roller\weblogger\pojos\RollerPermission.java,org.apache.roller.weblogger.pojos.RollerPermission,isEmpty/0,false,108,1,2,1,1,2,2,3,1,0,0,2,1,1,0,1,0,0,0,0,0,0,0,0,0,0,10,1,0,true
d:\SoftwareEngineering\roller-master\roller-master\app\src\main\java\org\apache\roller\weblogger\pojos\RollerPermission.java,org.apache.roller.weblogger.pojos.RollerPermission,setActions/1[java.lang.String],false,38,0,1,1,0,1,0,1,0,0,1,0,0,0,0,0,0,0,0,0,0,0,0,0,0,0,3,1025,0,false
d:\SoftwareEngineering\roller-master\roller-master\app\src\main\java\org\apache\roller\weblogger\pojos\RollerPermission.java,org.apache.roller.weblogger.pojos.RollerPermission,removeActions/1[java.util.List<java.lang.String>],false,96,1,3,1,2,2,4,8,0,1,1,4,2,3,1,0,0,0,1,0,1,1,1,0,0,0,13,1,1,true
d:\SoftwareEngineering\roller-master\roller-master\app\src\main\java\org\apache\roller\weblogger\pojos\RollerPermission.java,org.apache.roller.weblogger.pojos.RollerPermission,RollerPermission/1[java.lang.String],true,34,0,0,0,0,1,0,3,0,0,1,0,0,0,0,0,0,0,0,0,0,0,0,0,0,0,3,1,0,false
d:\SoftwareEngineering\roller-master\roller-master\app\src\main\java\org\apache\roller\weblogger\pojos\RollerPermission.java,org.apache.roller.weblogger.pojos.RollerPermission,addActions/1[java.util.List<java.lang.String>],false,83,1,3,1,2,3,4,9,0,1,1,4,2,3,1,0,0,0,0,0,1,0,2,0,0,0,12,1,0,true
d:\SoftwareEngineering\roller-master\roller-master\app\src\main\java\org\apache\roller\weblogger\pojos\RollerPermission.java,org.apache.roller.weblogger.pojos.RollerPermission,getActions/0,false,40,0,2,2,0,1,0,1,0,0,0,0,0,0,0,0,0,0,0,0,0,0,0,0,0,0,2,1025,0,false
d:\SoftwareEngineering\roller-master\roller-master\app\src\main\java\org\apache\roller\weblogger\pojos\RollerPermission.java,org.apache.roller.weblogger.pojos.RollerPermission,hasAction/1[java.lang.String],false,51,1,4,3,1,1,2,4,1,1,1,2,1,2,0,0,0,0,0,0,1,0,0,0,0,0,7,1,0,false
d:\SoftwareEngineering\roller-master\roller-master\app\src\main\java\org\apache\roller\weblogger\pojos\UserRole.java,org.apache.roller.weblogger.pojos.UserRole,toString/0,false,78,1,3,0,3,1,5,9,1,1,0,5,3,1,0,0,0,0,4,0,1,0,0,0,0,0,9,1,0,false
d:\SoftwareEngineering\roller-master\roller-master\app\src\main\java\org\apache\roller\weblogger\pojos\UserRole.java,org.apache.roller.weblogger.pojos.UserRole,hashCode/0,false,104,2,2,0,2,1,4,3,1,0,0,4,2,1,0,0,0,0,0,0,0,0,0,0,0,0,8,1,0,false
d:\SoftwareEngineering\roller-master\roller-master\app\src\main\java\org\apache\roller\weblogger\pojos\UserRole.java,org.apache.roller.weblogger.pojos.UserRole,setId/1[java.lang.String],false,52,0,0,0,0,1,0,3,0,0,1,0,0,0,0,0,0,0,0,0,1,0,0,0,0,0,3,1,0,false
d:\SoftwareEngineering\roller-master\roller-master\app\src\main\java\org\apache\roller\weblogger\pojos\UserRole.java,org.apache.roller.weblogger.pojos.UserRole,"UserRole/2[java.lang.String,java.lang.String]",true,42,0,1,1,0,1,0,4,0,0,2,0,0,0,0,0,0,0,0,0,2,0,0,0,0,0,4,1,0,false
d:\SoftwareEngineering\roller-master\roller-master\app\src\main\java\org\apache\roller\weblogger\pojos\UserRole.java,org.apache.roller.weblogger.pojos.UserRole,getUserName/0,false,57,0,3,3,0,1,0,3,1,0,0,0,0,0,0,0,0,0,0,0,0,0,0,0,0,0,3,1,0,false
d:\SoftwareEngineering\roller-master\roller-master\app\src\main\java\org\apache\roller\weblogger\pojos\UserRole.java,org.apache.roller.weblogger.pojos.UserRole,getRole/0,false,66,0,4,4,0,1,0,3,1,0,0,0,0,0,0,0,0,0,0,0,0,0,0,0,0,0,2,1,0,false
d:\SoftwareEngineering\roller-master\roller-master\app\src\main\java\org\apache\roller\weblogger\pojos\UserRole.java,org.apache.roller.weblogger.pojos.UserRole,UserRole/0,true,39,0,0,0,0,1,0,2,0,0,0,0,0,0,0,0,0,0,0,0,0,0,0,0,0,0,2,1,0,false
d:\SoftwareEngineering\roller-master\roller-master\app\src\main\java\org\apache\roller\weblogger\pojos\UserRole.java,org.apache.roller.weblogger.pojos.UserRole,setRole/1[java.lang.String],false,70,0,0,0,0,1,0,3,0,0,1,0,0,0,0,0,0,0,0,0,1,0,0,0,0,0,3,1,0,false
d:\SoftwareEngineering\roller-master\roller-master\app\src\main\java\org\apache\roller\weblogger\pojos\UserRole.java,org.apache.roller.weblogger.pojos.UserRole,getId/0,false,48,0,1,1,0,1,0,3,1,0,0,0,0,0,0,0,0,0,0,0,0,0,0,0,0,0,2,1,0,false
d:\SoftwareEngineering\roller-master\roller-master\app\src\main\java\org\apache\roller\weblogger\pojos\UserRole.java,org.apache.roller.weblogger.pojos.UserRole,setUserName/1[java.lang.String],false,61,0,0,0,0,1,0,3,0,0,1,0,0,0,0,0,0,0,0,0,1,0,0,0,0,0,4,1,0,false
d:\SoftwareEngineering\roller-master\roller-master\app\src\main\java\org\apache\roller\weblogger\pojos\UserRole.java,org.apache.roller.weblogger.pojos.UserRole,equals/1[java.lang.Object],false,89,2,2,0,2,3,4,10,3,1,1,4,2,1,0,1,0,1,0,0,1,0,1,0,0,0,12,1,0,false
d:\SoftwareEngineering\roller-master\roller-master\app\src\main\java\org\apache\roller\weblogger\ui\struts2\util\UISecurityEnforced.java,org.apache.roller.weblogger.ui.struts2.util.UISecurityEnforced,requiredGlobalPermissionActions/0,false,61,0,1,1,0,1,0,1,0,0,0,0,0,0,0,0,0,0,0,0,0,0,0,0,0,0,11,0,0,true
d:\SoftwareEngineering\roller-master\roller-master\app\src\main\java\org\apache\roller\weblogger\ui\struts2\util\UISecurityEnforced.java,org.apache.roller.weblogger.ui.struts2.util.UISecurityEnforced,isUserRequired/0,false,37,0,1,1,0,1,0,1,0,0,0,0,0,0,0,0,0,0,0,0,0,0,0,0,0,0,12,0,0,true
d:\SoftwareEngineering\roller-master\roller-master\app\src\main\java\org\apache\roller\weblogger\ui\struts2\util\UISecurityEnforced.java,org.apache.roller.weblogger.ui.struts2.util.UISecurityEnforced,isWeblogRequired/0,false,45,0,1,1,0,1,0,1,0,0,0,0,0,0,0,0,0,0,0,0,0,0,0,0,0,0,19,0,0,true
d:\SoftwareEngineering\roller-master\roller-master\app\src\main\java\org\apache\roller\weblogger\ui\struts2\util\UISecurityEnforced.java,org.apache.roller.weblogger.ui.struts2.util.UISecurityEnforced,requiredWeblogPermissionActions/0,false,55,0,1,1,0,1,0,1,0,0,0,0,0,0,0,0,0,0,0,0,0,0,0,0,0,0,11,0,0,true
d:\SoftwareEngineering\roller-master\roller-master\app\src\main\java\org\apache\roller\weblogger\ui\core\security\BasicUserAutoProvision.java,org.apache.roller.weblogger.ui.core.security.BasicUserAutoProvision,hasNecessaryFields/1[org.apache.roller.weblogger.pojos.User],false,81,1,5,1,4,6,4,3,1,0,1,4,0,0,0,5,0,0,0,0,0,0,0,0,0,0,6,2,0,false
d:\SoftwareEngineering\roller-master\roller-master\app\src\main\java\org\apache\roller\weblogger\ui\core\security\BasicUserAutoProvision.java,org.apache.roller.weblogger.ui.core.security.BasicUserAutoProvision,execute/1[org.apache.roller.weblogger.ui.core.security.HttpServletRequest],false,47,9,10,0,10,7,16,25,2,3,1,16,1,1,1,1,1,0,4,0,3,0,4,0,0,0,27,1,1,false
d:\SoftwareEngineering\roller-master\roller-master\app\src\main\java\org\apache\roller\weblogger\ui\core\filters\RoleAssignmentFilter.java,org.apache.roller.weblogger.ui.core.filters.RoleAssignmentFilter,destroy/0,false,64,0,0,0,0,1,0,2,0,0,0,0,0,0,0,0,0,0,0,0,0,0,0,0,0,0,1,1,0,false
d:\SoftwareEngineering\roller-master\roller-master\app\src\main\java\org\apache\roller\weblogger\ui\core\filters\RoleAssignmentFilter.java,org.apache.roller.weblogger.ui.core.filters.RoleAssignmentFilter,"doFilter/3[org.apache.roller.weblogger.ui.core.filters.ServletRequest,org.apache.roller.weblogger.ui.core.filters.ServletResponse,org.apache.roller.weblogger.ui.core.filters.FilterChain]",false,52,5,1,0,1,1,3,6,0,1,3,3,0,0,0,0,0,0,2,0,1,2,0,0,0,0,12,1,2,false
d:\SoftwareEngineering\roller-master\roller-master\app\src\main\java\org\apache\roller\weblogger\ui\core\filters\RoleAssignmentFilter.java,org.apache.roller.weblogger.ui.core.filters.RoleAssignmentFilter,init/1[org.apache.roller.weblogger.ui.core.filters.FilterConfig],false,61,1,0,0,0,1,0,2,0,0,1,0,0,0,0,0,0,0,0,0,0,0,0,0,0,0,6,1,0,false
d:\SoftwareEngineering\roller-master\roller-master\app\src\main\java\org\apache\roller\weblogger\pojos\wrapper\UserWrapper.java,org.apache.roller.weblogger.pojos.wrapper.UserWrapper,getUserName/0,false,53,2,3,0,3,2,3,6,2,0,0,3,0,0,0,0,0,0,1,0,0,0,1,0,0,0,20,1,0,true
d:\SoftwareEngineering\roller-master\roller-master\app\src\main\java\org\apache\roller\weblogger\pojos\wrapper\UserWrapper.java,org.apache.roller.weblogger.pojos.wrapper.UserWrapper,getEmailAddress/0,false,71,1,1,0,1,1,1,3,1,0,0,1,0,0,0,0,0,0,0,0,0,0,0,0,0,0,3,1,0,false
d:\SoftwareEngineering\roller-master\roller-master\app\src\main\java\org\apache\roller\weblogger\pojos\wrapper\UserWrapper.java,org.apache.roller.weblogger.pojos.wrapper.UserWrapper,getDateCreated/0,false,76,1,1,0,1,1,1,3,1,0,0,1,0,0,0,0,0,0,0,0,0,0,0,0,0,0,3,1,0,false
d:\SoftwareEngineering\roller-master\roller-master\app\src\main\java\org\apache\roller\weblogger\pojos\wrapper\UserWrapper.java,org.apache.roller.weblogger.pojos.wrapper.UserWrapper,getScreenName/0,false,61,1,1,0,1,1,2,3,1,0,0,2,0,0,0,0,0,0,0,0,0,0,0,0,0,0,3,1,0,false
d:\SoftwareEngineering\roller-master\roller-master\app\src\main\java\org\apache\roller\weblogger\pojos\wrapper\UserWrapper.java,org.apache.roller.weblogger.pojos.wrapper.UserWrapper,getFullName/0,false,66,1,1,0,1,1,2,3,1,0,0,2,0,0,0,0,0,0,0,0,0,0,0,0,0,0,3,1,0,false
d:\SoftwareEngineering\roller-master\roller-master\app\src\main\java\org\apache\roller\weblogger\pojos\wrapper\UserWrapper.java,org.apache.roller.weblogger.pojos.wrapper.UserWrapper,wrap/1[org.apache.roller.weblogger.pojos.User],false,41,2,9,8,1,2,0,6,2,0,1,0,0,0,0,1,0,0,0,0,0,0,1,0,0,0,6,9,0,false
d:\SoftwareEngineering\roller-master\roller-master\app\src\main\java\org\apache\roller\weblogger\pojos\wrapper\UserWrapper.java,org.apache.roller.weblogger.pojos.wrapper.UserWrapper,UserWrapper/1[org.apache.roller.weblogger.pojos.User],true,36,1,1,1,0,1,0,3,0,0,1,0,0,0,0,0,0,0,0,0,1,0,0,0,0,0,4,2,0,false
d:\SoftwareEngineering\roller-master\roller-master\app\src\main\java\org\apache\roller\weblogger\pojos\wrapper\UserWrapper.java,org.apache.roller.weblogger.pojos.wrapper.UserWrapper,getLocale/0,false,81,1,1,0,1,1,1,3,1,0,0,1,0,0,0,0,0,0,0,0,0,0,0,0,0,0,2,1,0,false
d:\SoftwareEngineering\roller-master\roller-master\app\src\main\java\org\apache\roller\weblogger\pojos\wrapper\UserWrapper.java,org.apache.roller.weblogger.pojos.wrapper.UserWrapper,getTimeZone/0,false,86,1,1,0,1,1,1,3,1,0,0,1,0,0,0,0,0,0,0,0,0,0,0,0,0,0,3,1,0,false
d:\SoftwareEngineering\roller-master\roller-master\app\src\main\java\org\apache\roller\weblogger\pojos\User.java,org.apache.roller.weblogger.pojos.User,setOpenIdUrl/1[java.lang.String],false,131,0,0,0,0,1,1,3,0,0,1,1,0,0,0,0,0,0,0,0,1,0,0,0,0,0,5,1,0,false
d:\SoftwareEngineering\roller-master\roller-master\app\src\main\java\org\apache\roller\weblogger\pojos\User.java,org.apache.roller.weblogger.pojos.User,setUserName/1[java.lang.String],false,94,0,1,1,0,1,1,3,0,0,1,1,0,0,0,0,0,0,0,0,1,0,0,0,0,0,4,1,0,false
d:\SoftwareEngineering\roller-master\roller-master\app\src\main\java\org\apache\roller\weblogger\pojos\User.java,org.apache.roller.weblogger.pojos.User,setPassword/1[java.lang.String],false,110,0,2,2,0,1,0,3,0,0,1,0,0,0,0,0,0,0,0,0,1,0,0,0,0,0,13,1,0,true
d:\SoftwareEngineering\roller-master\roller-master\app\src\main\java\org\apache\roller\weblogger\pojos\User.java,org.apache.roller.weblogger.pojos.User,getScreenName/0,false,138,0,4,4,0,1,0,3,1,0,0,0,0,0,0,0,0,0,0,0,0,0,0,0,0,0,6,1,0,true
d:\SoftwareEngineering\roller-master\roller-master\app\src\main\java\org\apache\roller\weblogger\pojos\User.java,org.apache.roller.weblogger.pojos.User,getDateCreated/0,false,172,0,2,2,0,2,1,8,2,0,0,1,0,0,0,1,0,0,0,0,0,0,1,0,0,0,9,1,0,true
d:\SoftwareEngineering\roller-master\roller-master\app\src\main\java\org\apache\roller\weblogger\pojos\User.java,org.apache.roller.weblogger.pojos.User,"User/9[java.lang.String,java.lang.String,java.lang.String,java.lang.String,java.lang.String,java.lang.String,java.lang.String,java.util.Date,java.lang.Boolean]",true,63,1,3,0,3,1,4,10,0,0,9,4,3,1,0,0,0,0,0,0,5,0,0,0,0,0,17,1,0,false
d:\SoftwareEngineering\roller-master\roller-master\app\src\main\java\org\apache\roller\weblogger\pojos\User.java,org.apache.roller.weblogger.pojos.User,setEmailAddress/1[java.lang.String],false,164,0,1,1,0,1,1,3,0,0,1,1,0,0,0,0,0,0,0,0,1,0,0,0,0,0,4,1,0,false
d:\SoftwareEngineering\roller-master\roller-master\app\src\main\java\org\apache\roller\weblogger\pojos\User.java,org.apache.roller.weblogger.pojos.User,getId/0,false,78,0,5,5,0,1,0,3,1,0,0,0,0,0,0,0,0,0,0,0,0,0,0,0,0,0,4,1,0,true
d:\SoftwareEngineering\roller-master\roller-master\app\src\main\java\org\apache\roller\weblogger\pojos\User.java,org.apache.roller.weblogger.pojos.User,equals/1[java.lang.Object],false,261,2,1,0,1,3,3,10,3,1,1,3,1,1,0,1,0,1,0,0,1,0,1,0,0,0,11,1,0,false
d:\SoftwareEngineering\roller-master\roller-master\app\src\main\java\org\apache\roller\weblogger\pojos\User.java,org.apache.roller.weblogger.pojos.User,getUserName/0,false,90,0,35,35,0,1,0,3,1,0,0,0,0,0,0,0,0,0,0,0,0,0,0,0,0,0,6,1,0,true
d:\SoftwareEngineering\roller-master\roller-master\app\src\main\java\org\apache\roller\weblogger\pojos\User.java,org.apache.roller.weblogger.pojos.User,resetPassword/1[java.lang.String],false,119,3,2,0,2,1,3,4,0,1,1,3,1,1,0,0,0,0,0,0,1,0,0,0,0,0,13,1,0,true
d:\SoftwareEngineering\roller-master\roller-master\app\src\main\java\org\apache\roller\weblogger\pojos\User.java,org.apache.roller.weblogger.pojos.User,setId/1[java.lang.String],false,82,0,2,2,0,1,0,3,0,0,1,0,0,0,0,0,0,0,0,0,1,0,0,0,0,0,3,1,0,false
d:\SoftwareEngineering\roller-master\roller-master\app\src\main\java\org\apache\roller\weblogger\pojos\User.java,org.apache.roller.weblogger.pojos.User,hashCode/0,false,273,2,1,0,1,1,3,3,1,0,0,3,1,1,0,0,0,0,0,0,0,0,0,0,0,0,7,1,0,false
d:\SoftwareEngineering\roller-master\roller-master\app\src\main\java\org\apache\roller\weblogger\pojos\User.java,org.apache.roller.weblogger.pojos.User,getOpenIdUrl/0,false,127,0,0,0,0,1,0,3,1,0,0,0,0,0,0,0,0,0,0,0,0,0,0,0,0,0,12,1,0,true
d:\SoftwareEngineering\roller-master\roller-master\app\src\main\java\org\apache\roller\weblogger\pojos\User.java,org.apache.roller.weblogger.pojos.User,getFullName/0,false,149,0,3,3,0,1,0,3,1,0,0,0,0,0,0,0,0,0,0,0,0,0,0,0,0,0,6,1,0,true
d:\SoftwareEngineering\roller-master\roller-master\app\src\main\java\org\apache\roller\weblogger\pojos\User.java,org.apache.roller.weblogger.pojos.User,setActivationCode/1[java.lang.String],false,226,0,1,1,0,1,1,3,0,0,1,1,0,0,0,0,0,0,0,0,1,0,0,0,0,0,4,1,0,false
d:\SoftwareEngineering\roller-master\roller-master\app\src\main\java\org\apache\roller\weblogger\pojos\User.java,org.apache.roller.weblogger.pojos.User,User/0,true,55,0,1,1,0,1,0,2,0,0,0,0,0,0,0,0,0,0,0,0,0,0,0,0,0,0,1,1,0,false
d:\SoftwareEngineering\roller-master\roller-master\app\src\main\java\org\apache\roller\weblogger\pojos\User.java,org.apache.roller.weblogger.pojos.User,hasGlobalPermission/1[java.lang.String],false,231,1,2,1,1,1,2,3,1,0,1,2,1,1,0,0,0,0,0,0,0,0,0,0,0,0,5,1,0,false
d:\SoftwareEngineering\roller-master\roller-master\app\src\main\java\org\apache\roller\weblogger\pojos\User.java,org.apache.roller.weblogger.pojos.User,setFullName/1[java.lang.String],false,153,0,2,2,0,1,1,3,0,0,1,1,0,0,0,0,0,0,0,0,1,0,0,0,0,0,4,1,0,false
d:\SoftwareEngineering\roller-master\roller-master\app\src\main\java\org\apache\roller\weblogger\pojos\User.java,org.apache.roller.weblogger.pojos.User,toString/0,false,247,1,6,0,6,1,9,12,1,1,0,9,6,1,0,0,0,0,7,0,1,0,0,0,0,0,14,1,0,false
d:\SoftwareEngineering\roller-master\roller-master\app\src\main\java\org\apache\roller\weblogger\pojos\User.java,org.apache.roller.weblogger.pojos.User,setEnabled/1[java.lang.Boolean],false,218,0,2,2,0,1,0,3,0,0,1,0,0,0,0,0,0,0,0,0,1,0,0,0,0,0,4,1,0,false
d:\SoftwareEngineering\roller-master\roller-master\app\src\main\java\org\apache\roller\weblogger\pojos\User.java,org.apache.roller.weblogger.pojos.User,getEmailAddress/0,false,160,0,3,3,0,1,0,3,1,0,0,0,0,0,0,0,0,0,0,0,0,0,0,0,0,0,8,1,0,true
d:\SoftwareEngineering\roller-master\roller-master\app\src\main\java\org\apache\roller\weblogger\pojos\User.java,org.apache.roller.weblogger.pojos.User,setTimeZone/1[java.lang.String],false,206,0,2,2,0,1,0,3,0,0,1,0,0,0,0,0,0,0,0,0,1,0,0,0,0,0,4,1,0,false
d:\SoftwareEngineering\roller-master\roller-master\app\src\main\java\org\apache\roller\weblogger\pojos\User.java,org.apache.roller.weblogger.pojos.User,setDateCreated/1[java.util.Date],false,180,0,1,1,0,2,1,8,0,0,1,1,0,0,0,1,0,0,0,0,2,0,1,0,0,0,5,1,0,false
d:\SoftwareEngineering\roller-master\roller-master\app\src\main\java\org\apache\roller\weblogger\pojos\User.java,org.apache.roller.weblogger.pojos.User,getLocale/0,false,191,0,1,1,0,1,0,3,1,0,0,0,0,0,0,0,0,0,0,0,0,0,0,0,0,0,8,1,0,true
d:\SoftwareEngineering\roller-master\roller-master\app\src\main\java\org\apache\roller\weblogger\pojos\User.java,org.apache.roller.weblogger.pojos.User,getTimeZone/0,false,202,0,1,1,0,1,0,3,1,0,0,0,0,0,0,0,0,0,0,0,0,0,0,0,0,0,10,1,0,true
d:\SoftwareEngineering\roller-master\roller-master\app\src\main\java\org\apache\roller\weblogger\pojos\User.java,org.apache.roller.weblogger.pojos.User,getPassword/0,false,102,0,1,1,0,1,0,3,1,0,0,0,0,0,0,0,0,0,0,0,0,0,0,0,0,0,9,1,0,true
d:\SoftwareEngineering\roller-master\roller-master\app\src\main\java\org\apache\roller\weblogger\pojos\User.java,org.apache.roller.weblogger.pojos.User,getEnabled/0,false,214,0,4,4,0,1,0,3,1,0,0,0,0,0,0,0,0,0,0,0,0,0,0,0,0,0,9,1,0,true
d:\SoftwareEngineering\roller-master\roller-master\app\src\main\java\org\apache\roller\weblogger\pojos\User.java,org.apache.roller.weblogger.pojos.User,setScreenName/1[java.lang.String],false,142,0,1,1,0,1,1,3,0,0,1,1,0,0,0,0,0,0,0,0,1,0,0,0,0,0,4,1,0,false
d:\SoftwareEngineering\roller-master\roller-master\app\src\main\java\org\apache\roller\weblogger\pojos\User.java,org.apache.roller.weblogger.pojos.User,getActivationCode/0,false,222,0,0,0,0,1,0,3,1,0,0,0,0,0,0,0,0,0,0,0,0,0,0,0,0,0,4,1,0,false
d:\SoftwareEngineering\roller-master\roller-master\app\src\main\java\org\apache\roller\weblogger\pojos\User.java,org.apache.roller.weblogger.pojos.User,hasGlobalPermissions/1[java.util.List<java.lang.String>],false,235,4,5,1,4,2,3,9,2,1,1,3,0,0,0,0,1,0,0,0,1,0,1,0,0,0,10,1,0,false
d:\SoftwareEngineering\roller-master\roller-master\app\src\main\java\org\apache\roller\weblogger\pojos\User.java,org.apache.roller.weblogger.pojos.User,setLocale/1[java.lang.String],false,195,0,2,2,0,1,0,3,0,0,1,0,0,0,0,0,0,0,0,0,1,0,0,0,0,0,3,1,0,false
d:\SoftwareEngineering\roller-master\roller-master\app\src\main\java\org\apache\roller\weblogger\ui\struts2\admin\UserEdit.java,org.apache.roller.weblogger.ui.struts2.admin.UserEdit,getAuthMethod/0,false,296,0,0,0,0,1,1,3,1,0,0,1,0,0,0,0,0,0,0,0,0,0,0,0,0,0,3,1,0,false
d:\SoftwareEngineering\roller-master\roller-master\app\src\main\java\org\apache\roller\weblogger\ui\struts2\admin\UserEdit.java,org.apache.roller.weblogger.ui.struts2.admin.UserEdit,setBean/1[org.apache.roller.weblogger.ui.struts2.admin.CreateUserBean],false,279,1,0,0,0,1,0,3,0,0,1,0,0,0,0,0,0,0,0,0,1,0,0,0,0,0,5,1,0,false
d:\SoftwareEngineering\roller-master\roller-master\app\src\main\java\org\apache\roller\weblogger\ui\struts2\admin\UserEdit.java,org.apache.roller.weblogger.ui.struts2.admin.UserEdit,UserEdit/0,true,62,0,0,0,0,1,0,3,0,0,0,0,0,0,0,0,0,0,1,0,1,0,0,0,0,0,2,1,0,false
d:\SoftwareEngineering\roller-master\roller-master\app\src\main\java\org\apache\roller\weblogger\ui\struts2\admin\UserEdit.java,org.apache.roller.weblogger.ui.struts2.admin.UserEdit,isWeblogRequired/0,false,79,0,0,0,0,1,0,3,1,0,0,0,0,0,0,0,0,0,0,0,0,0,0,0,0,0,4,1,0,false
d:\SoftwareEngineering\roller-master\roller-master\app\src\main\java\org\apache\roller\weblogger\ui\struts2\admin\UserEdit.java,org.apache.roller.weblogger.ui.struts2.admin.UserEdit,myPrepare/0,false,85,4,4,0,4,5,10,19,0,1,0,10,2,1,0,0,1,0,2,0,4,1,3,0,0,0,16,1,1,false
d:\SoftwareEngineering\roller-master\roller-master\app\src\main\java\org\apache\roller\weblogger\ui\struts2\admin\UserEdit.java,org.apache.roller.weblogger.ui.struts2.admin.UserEdit,save/0,false,140,6,13,0,13,23,35,67,4,6,0,35,4,2,0,1,1,1,8,1,8,0,4,0,0,0,51,1,1,true
d:\SoftwareEngineering\roller-master\roller-master\app\src\main\java\org\apache\roller\weblogger\ui\struts2\admin\UserEdit.java,org.apache.roller.weblogger.ui.struts2.admin.UserEdit,isAdd/0,false,228,0,4,4,0,1,1,3,1,0,0,1,0,0,0,0,0,0,1,0,0,0,0,0,0,0,2,2,0,false
d:\SoftwareEngineering\roller-master\roller-master\app\src\main\java\org\apache\roller\weblogger\ui\struts2\admin\UserEdit.java,org.apache.roller.weblogger.ui.struts2.admin.UserEdit,myValidate/0,false,232,5,7,1,6,17,17,39,0,4,0,17,2,1,0,6,1,4,9,0,5,0,3,0,0,0,24,2,1,false
d:\SoftwareEngineering\roller-master\roller-master\app\src\main\java\org\apache\roller\weblogger\ui\struts2\admin\UserEdit.java,org.apache.roller.weblogger.ui.struts2.admin.UserEdit,isUserEditingSelf/0,false,283,1,2,1,1,1,2,3,1,0,0,2,0,0,0,0,0,0,0,0,0,0,0,0,0,0,6,1,0,false
d:\SoftwareEngineering\roller-master\roller-master\app\src\main\java\org\apache\roller\weblogger\ui\struts2\admin\UserEdit.java,org.apache.roller.weblogger.ui.struts2.admin.UserEdit,setPageTitle/1[java.lang.String],false,67,0,0,0,0,1,0,3,0,0,1,0,0,0,0,0,0,0,0,0,1,0,0,0,0,0,4,1,0,false
d:\SoftwareEngineering\roller-master\roller-master\app\src\main\java\org\apache\roller\weblogger\ui\struts2\admin\UserEdit.java,org.apache.roller.weblogger.ui.struts2.admin.UserEdit,execute/0,false,116,3,6,1,5,2,9,10,1,0,0,9,2,1,0,0,0,0,0,0,0,0,1,0,0,0,14,1,0,true
d:\SoftwareEngineering\roller-master\roller-master\app\src\main\java\org\apache\roller\weblogger\ui\struts2\admin\UserEdit.java,org.apache.roller.weblogger.ui.struts2.admin.UserEdit,getPermissions/0,false,287,1,0,0,0,2,5,9,2,0,0,5,0,0,0,0,1,0,1,0,0,1,1,0,0,0,8,1,1,false
d:\SoftwareEngineering\roller-master\roller-master\app\src\main\java\org\apache\roller\weblogger\ui\struts2\admin\UserEdit.java,org.apache.roller.weblogger.ui.struts2.admin.UserEdit,requiredGlobalPermissionActions/0,false,73,0,0,0,0,1,1,3,1,0,0,1,0,0,0,0,0,0,0,0,0,0,0,0,0,0,4,1,0,false
d:\SoftwareEngineering\roller-master\roller-master\app\src\main\java\org\apache\roller\weblogger\ui\struts2\admin\UserEdit.java,org.apache.roller.weblogger.ui.struts2.admin.UserEdit,getBean/0,false,275,1,5,5,0,1,0,3,1,0,0,0,0,0,0,0,0,0,0,0,0,0,0,0,0,0,5,1,0,false
d:\SoftwareEngineering\roller-master\roller-master\app\src\main\java\org\apache\roller\weblogger\ui\struts2\admin\UserEdit.java,org.apache.roller.weblogger.ui.struts2.admin.UserEdit,firstSave/0,false,132,4,4,0,4,1,4,4,1,0,0,4,2,2,0,0,0,0,1,0,0,0,0,0,0,0,10,1,0,true
d:\SoftwareEngineering\roller-master\roller-master\app\src\main\java\org\apache\roller\weblogger\ui\core\security\CustomUserRegistry.java,org.apache.roller.weblogger.ui.core.security.CustomUserRegistry,"getLdapAttribute/2[javax.naming.directory.Attributes,java.lang.String]",false,174,0,0,0,0,5,3,20,5,2,2,3,0,0,0,3,1,0,0,0,3,0,1,0,0,0,14,10,0,false
d:\SoftwareEngineering\roller-master\roller-master\app\src\main\java\org\apache\roller\weblogger\ui\core\security\CustomUserRegistry.java,org.apache.roller.weblogger.ui.core.security.CustomUserRegistry,getUserDetailsFromAuthentication/1[org.apache.roller.weblogger.ui.core.security.HttpServletRequest],false,60,7,20,1,19,16,31,73,5,14,1,31,1,1,0,11,0,1,8,0,26,1,2,0,0,0,51,9,5,false
d:\SoftwareEngineering\roller-master\roller-master\app\src\main\java\org\apache\roller\weblogger\ui\core\security\CustomUserRegistry.java,org.apache.roller.weblogger.ui.core.security.CustomUserRegistry,"getRequestAttribute/2[org.apache.roller.weblogger.ui.core.security.HttpServletRequest,java.lang.String]",false,199,1,1,1,0,4,4,14,1,3,2,4,0,0,0,0,0,0,0,0,5,0,2,0,0,0,12,10,0,false
d:\SoftwareEngineering\roller-master\roller-master\app\src\main\java\org\apache\roller\weblogger\ui\rendering\pagers\UsersPager.java,org.apache.roller.weblogger.ui.rendering.pagers.UsersPager,hasMoreItems/0,false,157,0,1,1,0,1,0,3,1,0,0,0,0,0,0,0,0,0,0,0,0,0,0,0,0,0,4,1,0,false
d:\SoftwareEngineering\roller-master\roller-master\app\src\main\java\org\apache\roller\weblogger\ui\rendering\pagers\UsersPager.java,org.apache.roller.weblogger.ui.rendering.pagers.UsersPager,getNextLink/0,false,88,2,4,0,4,3,6,12,3,1,0,6,1,1,0,1,0,0,3,1,1,2,2,0,0,0,15,1,0,false
d:\SoftwareEngineering\roller-master\roller-master\app\src\main\java\org\apache\roller\weblogger\ui\rendering\pagers\UsersPager.java,org.apache.roller.weblogger.ui.rendering.pagers.UsersPager,"UsersPager/6[org.apache.roller.weblogger.business.URLStrategy,java.lang.String,java.lang.String,int,int,int]",true,57,2,1,0,1,1,1,5,0,0,6,1,1,1,0,0,0,0,0,0,1,0,0,0,0,0,9,1,0,false
d:\SoftwareEngineering\roller-master\roller-master\app\src\main\java\org\apache\roller\weblogger\ui\rendering\pagers\UsersPager.java,org.apache.roller.weblogger.ui.rendering.pagers.UsersPager,getItems/0,false,118,6,8,2,6,6,9,31,1,6,0,9,0,0,1,2,1,0,1,4,9,3,4,0,0,0,23,1,1,false
d:\SoftwareEngineering\roller-master\roller-master\app\src\main\java\org\apache\roller\weblogger\ui\rendering\pagers\UsersPager.java,org.apache.roller.weblogger.ui.rendering.pagers.UsersPager,"UsersPager/7[org.apache.roller.weblogger.business.URLStrategy,java.lang.String,java.lang.String,java.lang.String,int,int,int]",true,75,2,2,1,1,1,1,6,0,0,7,1,1,1,0,0,0,0,0,0,2,0,0,0,0,0,10,1,0,false
d:\SoftwareEngineering\roller-master\roller-master\app\src\main\java\org\apache\roller\weblogger\ui\rendering\pagers\UsersPager.java,org.apache.roller.weblogger.ui.rendering.pagers.UsersPager,getPrevLink/0,false,103,1,3,0,3,3,5,12,3,1,0,5,0,0,0,1,0,0,3,2,1,2,2,0,0,0,12,1,0,false
d:\SoftwareEngineering\roller-master\roller-master\app\src\main\java\org\apache\roller\weblogger\ui\core\filters\RoleAssignmentFilter.java,org.apache.roller.weblogger.ui.core.filters.RoleAssignmentRequestWrapper,isUserInRole/1[java.lang.String],false,76,4,4,0,4,3,7,13,2,2,1,7,0,0,0,1,1,0,1,0,2,0,2,0,0,0,17,1,1,false
d:\SoftwareEngineering\roller-master\roller-master\app\src\main\java\org\apache\roller\weblogger\ui\core\filters\RoleAssignmentFilter.java,org.apache.roller.weblogger.ui.core.filters.RoleAssignmentRequestWrapper,RoleAssignmentRequestWrapper/1[org.apache.roller.weblogger.ui.core.filters.HttpServletRequest],true,71,1,1,1,0,1,0,3,0,0,1,0,0,0,0,0,0,0,0,0,0,0,0,0,0,0,7,1,0,false
d:\SoftwareEngineering\roller-master\roller-master\app\src\main\java\org\apache\roller\weblogger\ui\core\security\RollerUserDetails.java,org.apache.roller.weblogger.ui.core.security.RollerUserDetails,getEmailAddress/0,false,39,0,1,1,0,1,0,1,0,0,0,0,0,0,0,0,0,0,0,0,0,0,0,0,0,0,3,0,0,false
d:\SoftwareEngineering\roller-master\roller-master\app\src\main\java\org\apache\roller\weblogger\ui\core\security\RollerUserDetails.java,org.apache.roller.weblogger.ui.core.security.RollerUserDetails,getTimeZone/0,false,31,0,1,1,0,1,0,1,0,0,0,0,0,0,0,0,0,0,0,0,0,0,0,0,0,0,3,0,0,false
d:\SoftwareEngineering\roller-master\roller-master\app\src\main\java\org\apache\roller\weblogger\ui\core\security\RollerUserDetails.java,org.apache.roller.weblogger.ui.core.security.RollerUserDetails,getFullName/0,false,37,0,1,1,0,1,0,1,0,0,0,0,0,0,0,0,0,0,0,0,0,0,0,0,0,0,3,0,0,false
d:\SoftwareEngineering\roller-master\roller-master\app\src\main\java\org\apache\roller\weblogger\ui\core\security\RollerUserDetails.java,org.apache.roller.weblogger.ui.core.security.RollerUserDetails,getScreenName/0,false,35,0,1,1,0,1,0,1,0,0,0,0,0,0,0,0,0,0,0,0,0,0,0,0,0,0,3,0,0,false
d:\SoftwareEngineering\roller-master\roller-master\app\src\main\java\org\apache\roller\weblogger\ui\core\security\RollerUserDetails.java,org.apache.roller.weblogger.ui.core.security.RollerUserDetails,getLocale/0,false,33,0,1,1,0,1,0,1,0,0,0,0,0,0,0,0,0,0,0,0,0,0,0,0,0,0,2,0,0,false
d:\SoftwareEngineering\roller-master\roller-master\app\src\main\java\org\apache\roller\weblogger\ui\core\security\AutoProvision.java,org.apache.roller.weblogger.ui.core.security.AutoProvision,execute/1[org.apache.roller.weblogger.ui.core.security.HttpServletRequest],false,24,1,1,1,0,1,0,1,0,0,1,0,0,0,0,0,0,0,0,0,0,0,0,0,0,0,5,0,0,false
d:\SoftwareEngineering\roller-master\roller-master\app\src\main\java\org\apache\roller\weblogger\business\jpa\JPAUserManagerImpl.java,org.apache.roller.weblogger.business.jpa.JPAUserManagerImpl,getUserByUserName/1[java.lang.String],false,132,2,2,1,1,1,1,3,1,0,1,1,1,2,0,0,0,0,0,0,0,0,0,0,0,0,7,1,0,false
d:\SoftwareEngineering\roller-master\roller-master\app\src\main\java\org\apache\roller\weblogger\business\jpa\JPAUserManagerImpl.java,org.apache.roller.weblogger.business.jpa.JPAUserManagerImpl,"grantWeblogPermissionPending/3[org.apache.roller.weblogger.pojos.Weblog,org.apache.roller.weblogger.pojos.User,java.util.List<java.lang.String>]",false,435,7,6,0,6,3,7,19,0,3,3,7,0,0,0,1,1,0,2,2,4,0,1,0,0,0,20,1,0,false
d:\SoftwareEngineering\roller-master\roller-master\app\src\main\java\org\apache\roller\weblogger\business\jpa\JPAUserManagerImpl.java,org.apache.roller.weblogger.business.jpa.JPAUserManagerImpl,addUser/1[org.apache.roller.weblogger.pojos.User],false,92,5,8,0,8,7,10,21,0,3,1,10,3,4,0,3,0,0,5,2,4,0,1,0,0,0,18,1,0,false
d:\SoftwareEngineering\roller-master\roller-master\app\src\main\java\org\apache\roller\weblogger\business\jpa\JPAUserManagerImpl.java,org.apache.roller.weblogger.business.jpa.JPAUserManagerImpl,getUserCount/0,false,330,2,1,0,1,1,4,6,1,2,0,4,0,0,0,0,0,0,1,2,2,0,0,0,0,0,12,1,0,true
d:\SoftwareEngineering\roller-master\roller-master\app\src\main\java\org\apache\roller\weblogger\business\jpa\JPAUserManagerImpl.java,org.apache.roller.weblogger.business.jpa.JPAUserManagerImpl,"revokeWeblogPermission/3[org.apache.roller.weblogger.pojos.Weblog,org.apache.roller.weblogger.pojos.User,java.util.List<java.lang.String>]",false,501,7,7,0,7,3,9,19,0,2,3,9,0,0,0,0,1,0,2,2,2,0,1,0,0,0,13,1,0,false
d:\SoftwareEngineering\roller-master\roller-master\app\src\main\java\org\apache\roller\weblogger\business\jpa\JPAUserManagerImpl.java,org.apache.roller.weblogger.business.jpa.JPAUserManagerImpl,release/0,false,64,0,0,0,0,1,0,2,0,0,0,0,0,0,0,0,0,0,0,0,0,0,0,0,0,0,1,1,0,false
d:\SoftwareEngineering\roller-master\roller-master\app\src\main\java\org\apache\roller\weblogger\business\jpa\JPAUserManagerImpl.java,org.apache.roller.weblogger.business.jpa.JPAUserManagerImpl,"getUserByUserName/2[java.lang.String,java.lang.Boolean]",false,158,5,6,1,5,10,13,42,2,5,2,13,1,1,1,5,1,0,5,2,8,3,3,0,0,0,25,1,2,false
d:\SoftwareEngineering\roller-master\roller-master\app\src\main\java\org\apache\roller\weblogger\business\jpa\JPAUserManagerImpl.java,org.apache.roller.weblogger.business.jpa.JPAUserManagerImpl,getWeblogPermissions/1[org.apache.roller.weblogger.pojos.User],false,529,4,3,1,2,1,4,5,1,1,1,4,0,0,0,0,0,0,1,1,1,0,0,0,0,0,8,1,0,false
d:\SoftwareEngineering\roller-master\roller-master\app\src\main\java\org\apache\roller\weblogger\business\jpa\JPAUserManagerImpl.java,org.apache.roller.weblogger.business.jpa.JPAUserManagerImpl,"getWeblogPermission/2[org.apache.roller.weblogger.pojos.Weblog,org.apache.roller.weblogger.pojos.User]",false,384,5,4,1,3,2,5,11,2,1,2,5,0,0,0,0,1,0,1,2,1,0,1,0,0,0,11,1,0,false
d:\SoftwareEngineering\roller-master\roller-master\app\src\main\java\org\apache\roller\weblogger\business\jpa\JPAUserManagerImpl.java,org.apache.roller.weblogger.business.jpa.JPAUserManagerImpl,"grantWeblogPermission/3[org.apache.roller.weblogger.pojos.Weblog,org.apache.roller.weblogger.pojos.User,java.util.List<java.lang.String>]",false,410,6,6,0,6,3,7,19,0,3,3,7,0,0,0,1,1,0,1,2,4,0,1,0,0,0,14,1,0,false
d:\SoftwareEngineering\roller-master\roller-master\app\src\main\java\org\apache\roller\weblogger\business\jpa\JPAUserManagerImpl.java,org.apache.roller.weblogger.business.jpa.JPAUserManagerImpl,getWeblogPermissions/1[org.apache.roller.weblogger.pojos.Weblog],false,537,4,2,0,2,1,4,5,1,1,1,4,0,0,0,0,0,0,1,1,1,0,0,0,0,0,7,1,0,false
d:\SoftwareEngineering\roller-master\roller-master\app\src\main\java\org\apache\roller\weblogger\business\jpa\JPAUserManagerImpl.java,org.apache.roller.weblogger.business.jpa.JPAUserManagerImpl,"getUsersByLetter/3[char,int,int]",false,312,3,1,0,1,3,5,11,1,1,3,5,0,0,0,2,0,0,2,3,1,1,1,0,0,0,9,1,0,false
d:\SoftwareEngineering\roller-master\roller-master\app\src\main\java\org\apache\roller\weblogger\business\jpa\JPAUserManagerImpl.java,org.apache.roller.weblogger.business.jpa.JPAUserManagerImpl,"getWeblogPermissionIncludingPending/2[org.apache.roller.weblogger.pojos.Weblog,org.apache.roller.weblogger.pojos.User]",false,397,5,3,0,3,2,5,11,2,1,2,5,0,0,0,0,1,0,1,2,1,0,1,0,0,0,13,1,0,false
d:\SoftwareEngineering\roller-master\roller-master\app\src\main\java\org\apache\roller\weblogger\business\jpa\JPAUserManagerImpl.java,org.apache.roller.weblogger.business.jpa.JPAUserManagerImpl,getPendingWeblogPermissions/1[org.apache.roller.weblogger.pojos.User],false,553,4,2,0,2,1,4,5,1,1,1,4,0,0,0,0,0,0,1,1,1,0,0,0,0,0,9,1,0,false
d:\SoftwareEngineering\roller-master\roller-master\app\src\main\java\org\apache\roller\weblogger\business\jpa\JPAUserManagerImpl.java,org.apache.roller.weblogger.business.jpa.JPAUserManagerImpl,"checkPermission/2[org.apache.roller.weblogger.pojos.RollerPermission,org.apache.roller.weblogger.pojos.User]",false,355,5,5,0,5,7,8,21,3,3,2,8,1,1,0,1,1,0,2,0,3,1,3,0,0,0,26,1,1,false
d:\SoftwareEngineering\roller-master\roller-master\app\src\main\java\org\apache\roller\weblogger\business\jpa\JPAUserManagerImpl.java,org.apache.roller.weblogger.business.jpa.JPAUserManagerImpl,"getUsersStartingWith/4[java.lang.String,java.lang.Boolean,int,int]",false,259,3,1,0,1,6,5,31,1,1,4,5,0,0,0,5,0,0,4,7,4,3,2,0,0,0,12,1,0,false
d:\SoftwareEngineering\roller-master\roller-master\app\src\main\java\org\apache\roller\weblogger\business\jpa\JPAUserManagerImpl.java,org.apache.roller.weblogger.business.jpa.JPAUserManagerImpl,getUserByOpenIdUrl/1[java.lang.String],false,137,4,1,0,1,3,3,16,1,2,1,3,0,0,0,1,1,0,2,1,3,0,1,0,0,0,20,1,0,false
d:\SoftwareEngineering\roller-master\roller-master\app\src\main\java\org\apache\roller\weblogger\business\jpa\JPAUserManagerImpl.java,org.apache.roller.weblogger.business.jpa.JPAUserManagerImpl,saveUser/1[org.apache.roller.weblogger.pojos.User],false,70,2,1,0,1,1,1,3,0,0,1,1,0,0,0,0,0,0,0,0,0,0,0,0,0,0,5,1,0,false
d:\SoftwareEngineering\roller-master\roller-master\app\src\main\java\org\apache\roller\weblogger\business\jpa\JPAUserManagerImpl.java,org.apache.roller.weblogger.business.jpa.JPAUserManagerImpl,getUserNameLetterMap/0,false,294,2,1,0,1,2,7,13,1,7,0,7,0,0,1,0,0,0,3,4,7,1,1,0,0,0,16,1,0,false
d:\SoftwareEngineering\roller-master\roller-master\app\src\main\java\org\apache\roller\weblogger\business\jpa\JPAUserManagerImpl.java,org.apache.roller.weblogger.business.jpa.JPAUserManagerImpl,removeUser/1[org.apache.roller.weblogger.pojos.User],false,76,4,3,0,3,2,4,9,0,2,1,4,1,1,1,0,0,0,0,0,2,0,1,0,0,0,12,1,0,false
d:\SoftwareEngineering\roller-master\roller-master\app\src\main\java\org\apache\roller\weblogger\business\jpa\JPAUserManagerImpl.java,org.apache.roller.weblogger.business.jpa.JPAUserManagerImpl,"getUsers/5[java.lang.Boolean,java.util.Date,java.util.Date,int,int]",false,216,3,2,1,1,7,6,37,1,4,5,6,0,0,0,6,0,0,4,10,7,0,2,0,0,0,15,1,0,false
d:\SoftwareEngineering\roller-master\roller-master\app\src\main\java\org\apache\roller\weblogger\business\jpa\JPAUserManagerImpl.java,org.apache.roller.weblogger.business.jpa.JPAUserManagerImpl,getWeblogPermissionsIncludingPending/1[org.apache.roller.weblogger.pojos.Weblog],false,545,4,2,0,2,1,4,5,1,1,1,4,0,0,0,0,0,0,1,1,1,0,0,0,0,0,9,1,0,false
d:\SoftwareEngineering\roller-master\roller-master\app\src\main\java\org\apache\roller\weblogger\business\jpa\JPAUserManagerImpl.java,org.apache.roller.weblogger.business.jpa.JPAUserManagerImpl,getUser/1[java.lang.String],false,125,2,2,1,1,1,1,3,1,0,1,1,0,0,0,0,0,0,0,0,0,0,0,0,0,0,5,1,0,false
d:\SoftwareEngineering\roller-master\roller-master\app\src\main\java\org\apache\roller\weblogger\business\jpa\JPAUserManagerImpl.java,org.apache.roller.weblogger.business.jpa.JPAUserManagerImpl,"hasRole/2[java.lang.String,org.apache.roller.weblogger.pojos.User]",false,575,4,3,1,2,2,4,12,2,1,2,4,0,0,0,0,1,0,1,2,1,0,1,0,0,0,13,1,0,true
d:\SoftwareEngineering\roller-master\roller-master\app\src\main\java\org\apache\roller\weblogger\business\jpa\JPAUserManagerImpl.java,org.apache.roller.weblogger.business.jpa.JPAUserManagerImpl,getUserByActivationCode/1[java.lang.String],false,338,4,1,0,1,3,3,13,2,1,1,3,0,0,0,1,1,0,2,1,1,0,1,0,0,0,14,1,0,false
d:\SoftwareEngineering\roller-master\roller-master\app\src\main\java\org\apache\roller\weblogger\business\jpa\JPAUserManagerImpl.java,org.apache.roller.weblogger.business.jpa.JPAUserManagerImpl,JPAUserManagerImpl/1[org.apache.roller.weblogger.business.jpa.JPAPersistenceStrategy],true,57,2,0,0,0,1,1,4,0,0,1,1,0,0,0,0,0,0,1,0,1,0,0,0,0,0,9,4,1,false
d:\SoftwareEngineering\roller-master\roller-master\app\src\main\java\org\apache\roller\weblogger\business\jpa\JPAUserManagerImpl.java,org.apache.roller.weblogger.business.jpa.JPAUserManagerImpl,"confirmWeblogPermission/2[org.apache.roller.weblogger.pojos.Weblog,org.apache.roller.weblogger.pojos.User]",false,461,7,5,0,5,2,7,14,0,2,2,7,0,0,0,0,1,0,2,2,2,0,1,0,0,0,15,1,0,false
d:\SoftwareEngineering\roller-master\roller-master\app\src\main\java\org\apache\roller\weblogger\business\jpa\JPAUserManagerImpl.java,org.apache.roller.weblogger.business.jpa.JPAUserManagerImpl,getPendingWeblogPermissions/1[org.apache.roller.weblogger.pojos.Weblog],false,561,4,2,0,2,1,4,5,1,1,1,4,0,0,0,0,0,0,1,1,1,0,0,0,0,0,8,1,0,false
d:\SoftwareEngineering\roller-master\roller-master\app\src\main\java\org\apache\roller\weblogger\business\jpa\JPAUserManagerImpl.java,org.apache.roller.weblogger.business.jpa.JPAUserManagerImpl,"declineWeblogPermission/2[org.apache.roller.weblogger.pojos.Weblog,org.apache.roller.weblogger.pojos.User]",false,482,6,4,0,4,2,6,13,0,2,2,6,0,0,0,0,1,0,2,2,2,0,1,0,0,0,14,1,0,false
d:\SoftwareEngineering\roller-master\roller-master\app\src\main\java\org\apache\roller\weblogger\business\jpa\JPAUserManagerImpl.java,org.apache.roller.weblogger.business.jpa.JPAUserManagerImpl,"revokeRole/2[java.lang.String,org.apache.roller.weblogger.pojos.User]",false,618,5,3,0,3,2,5,12,0,2,2,5,0,0,0,0,1,0,2,2,2,0,1,0,0,0,12,1,0,false
d:\SoftwareEngineering\roller-master\roller-master\app\src\main\java\org\apache\roller\weblogger\business\jpa\JPAUserManagerImpl.java,org.apache.roller.weblogger.business.jpa.JPAUserManagerImpl,"grantRole/2[java.lang.String,org.apache.roller.weblogger.pojos.User]",false,609,4,5,1,4,2,3,6,0,1,2,3,1,1,0,0,0,0,0,0,1,0,1,0,0,0,12,1,0,true
d:\SoftwareEngineering\roller-master\roller-master\app\src\main\java\org\apache\roller\weblogger\business\jpa\JPAUserManagerImpl.java,org.apache.roller.weblogger.business.jpa.JPAUserManagerImpl,getRoles/1[org.apache.roller.weblogger.pojos.User],false,592,4,3,0,3,3,6,12,1,3,1,6,0,0,1,1,0,0,1,1,3,0,2,0,0,0,15,1,0,true
d:\SoftwareEngineering\roller-master\roller-master\app\src\main\java\org\apache\roller\weblogger\pojos\GlobalPermission.java,org.apache.roller.weblogger.pojos.GlobalPermission,"actionImplies/2[java.lang.String,java.lang.String]",false,136,0,0,0,0,1,1,3,1,0,2,1,0,0,0,0,0,1,0,0,0,0,0,0,0,0,14,2,0,false
d:\SoftwareEngineering\roller-master\roller-master\app\src\main\java\org\apache\roller\weblogger\pojos\GlobalPermission.java,org.apache.roller.weblogger.pojos.GlobalPermission,toString/0,false,141,1,1,0,1,2,3,8,1,1,0,3,0,0,1,0,0,0,3,0,1,0,1,0,0,0,9,1,0,false
d:\SoftwareEngineering\roller-master\roller-master\app\src\main\java\org\apache\roller\weblogger\pojos\GlobalPermission.java,org.apache.roller.weblogger.pojos.GlobalPermission,GlobalPermission/1[org.apache.roller.weblogger.pojos.User],true,54,6,7,1,6,5,9,17,0,4,1,9,0,0,2,1,0,0,3,0,4,2,4,0,0,0,30,1,0,true
d:\SoftwareEngineering\roller-master\roller-master\app\src\main\java\org\apache\roller\weblogger\pojos\GlobalPermission.java,org.apache.roller.weblogger.pojos.GlobalPermission,equals/1[java.lang.Object],false,161,2,1,0,1,3,3,10,3,1,1,3,1,1,0,1,0,1,0,0,1,0,1,0,0,0,12,1,0,false
d:\SoftwareEngineering\roller-master\roller-master\app\src\main\java\org\apache\roller\weblogger\pojos\GlobalPermission.java,org.apache.roller.weblogger.pojos.GlobalPermission,"GlobalPermission/2[org.apache.roller.weblogger.pojos.User,java.util.List<java.lang.String>]",true,90,2,2,0,2,1,2,4,0,0,2,2,0,0,0,0,0,0,1,0,0,1,0,0,0,0,22,1,0,true
d:\SoftwareEngineering\roller-master\roller-master\app\src\main\java\org\apache\roller\weblogger\pojos\GlobalPermission.java,org.apache.roller.weblogger.pojos.GlobalPermission,implies/1[java.security.Permission],false,96,2,3,1,2,13,4,35,8,1,1,4,0,0,2,0,0,0,0,0,1,0,4,0,0,0,26,1,0,false
d:\SoftwareEngineering\roller-master\roller-master\app\src\main\java\org\apache\roller\weblogger\pojos\GlobalPermission.java,org.apache.roller.weblogger.pojos.GlobalPermission,setActions/1[java.lang.String],false,151,0,0,0,0,1,0,3,0,0,1,0,0,0,0,0,0,0,0,0,1,0,0,0,0,0,3,1,0,false
d:\SoftwareEngineering\roller-master\roller-master\app\src\main\java\org\apache\roller\weblogger\pojos\GlobalPermission.java,org.apache.roller.weblogger.pojos.GlobalPermission,getActions/0,false,156,0,2,2,0,1,0,3,1,0,0,0,0,0,0,0,0,0,0,0,0,0,0,0,0,0,3,1,0,false
d:\SoftwareEngineering\roller-master\roller-master\app\src\main\java\org\apache\roller\weblogger\pojos\GlobalPermission.java,org.apache.roller.weblogger.pojos.GlobalPermission,hashCode/0,false,175,2,1,0,1,1,3,3,1,0,0,3,1,1,0,0,0,0,0,0,0,0,0,0,0,0,6,1,0,false
d:\SoftwareEngineering\roller-master\roller-master\app\src\main\java\org\apache\roller\weblogger\pojos\GlobalPermission.java,org.apache.roller.weblogger.pojos.GlobalPermission,GlobalPermission/1[java.util.List<java.lang.String>],true,79,1,5,4,1,1,1,4,0,0,1,1,0,0,0,0,0,0,1,0,0,0,0,0,0,0,19,1,0,true
d:\SoftwareEngineering\roller-master\roller-master\app\src\main\java\org\apache\roller\weblogger\pojos\ObjectPermission.java,org.apache.roller.weblogger.pojos.ObjectPermission,ObjectPermission/1[java.lang.String],true,42,0,0,0,0,1,0,3,0,0,1,0,0,0,0,0,0,0,0,0,0,0,0,0,0,0,3,1,0,false
d:\SoftwareEngineering\roller-master\roller-master\app\src\main\java\org\apache\roller\weblogger\pojos\ObjectPermission.java,org.apache.roller.weblogger.pojos.ObjectPermission,setUserName/1[java.lang.String],false,67,0,0,0,0,1,0,3,0,0,1,0,0,0,0,0,0,0,0,0,1,0,0,0,0,0,4,1,0,false
d:\SoftwareEngineering\roller-master\roller-master\app\src\main\java\org\apache\roller\weblogger\pojos\ObjectPermission.java,org.apache.roller.weblogger.pojos.ObjectPermission,getObjectId/0,false,79,0,2,2,0,1,0,3,1,0,0,0,0,0,0,0,0,0,0,0,0,0,0,0,0,0,4,1,0,false
d:\SoftwareEngineering\roller-master\roller-master\app\src\main\java\org\apache\roller\weblogger\pojos\ObjectPermission.java,org.apache.roller.weblogger.pojos.ObjectPermission,setActions/1[java.lang.String],false,54,0,1,1,0,1,0,3,0,0,1,0,0,0,0,0,0,0,0,0,1,0,0,0,0,0,3,1,0,false
d:\SoftwareEngineering\roller-master\roller-master\app\src\main\java\org\apache\roller\weblogger\pojos\ObjectPermission.java,org.apache.roller.weblogger.pojos.ObjectPermission,getUserName/0,false,63,0,3,3,0,1,0,3,1,0,0,0,0,0,0,0,0,0,0,0,0,0,0,0,0,0,4,1,0,false
d:\SoftwareEngineering\roller-master\roller-master\app\src\main\java\org\apache\roller\weblogger\pojos\ObjectPermission.java,org.apache.roller.weblogger.pojos.ObjectPermission,getId/0,false,45,0,0,0,0,1,0,3,1,0,0,0,0,0,0,0,0,0,0,0,0,0,0,0,0,0,3,1,0,false
d:\SoftwareEngineering\roller-master\roller-master\app\src\main\java\org\apache\roller\weblogger\pojos\ObjectPermission.java,org.apache.roller.weblogger.pojos.ObjectPermission,setObjectId/1[java.lang.String],false,83,0,0,0,0,1,0,3,0,0,1,0,0,0,0,0,0,0,0,0,1,0,0,0,0,0,4,1,0,false
d:\SoftwareEngineering\roller-master\roller-master\app\src\main\java\org\apache\roller\weblogger\pojos\ObjectPermission.java,org.apache.roller.weblogger.pojos.ObjectPermission,setPending/1[boolean],false,99,0,2,2,0,1,0,3,0,0,1,0,0,0,0,0,0,0,0,0,1,0,0,0,0,0,3,1,0,false
d:\SoftwareEngineering\roller-master\roller-master\app\src\main\java\org\apache\roller\weblogger\pojos\ObjectPermission.java,org.apache.roller.weblogger.pojos.ObjectPermission,isPending/0,false,95,0,0,0,0,1,0,3,1,0,0,0,0,0,0,0,0,0,0,0,0,0,0,0,0,0,3,1,0,false
d:\SoftwareEngineering\roller-master\roller-master\app\src\main\java\org\apache\roller\weblogger\pojos\ObjectPermission.java,org.apache.roller.weblogger.pojos.ObjectPermission,ObjectPermission/0,true,38,0,0,0,0,1,0,3,0,0,0,0,0,0,0,0,0,0,1,0,0,0,0,0,0,0,2,1,0,false
d:\SoftwareEngineering\roller-master\roller-master\app\src\main\java\org\apache\roller\weblogger\pojos\ObjectPermission.java,org.apache.roller.weblogger.pojos.ObjectPermission,setDateCreated/1[java.util.Date],false,91,0,0,0,0,1,0,3,0,0,1,0,0,0,0,0,0,0,0,0,1,0,0,0,0,0,4,1,0,false
d:\SoftwareEngineering\roller-master\roller-master\app\src\main\java\org\apache\roller\weblogger\pojos\ObjectPermission.java,org.apache.roller.weblogger.pojos.ObjectPermission,setId/1[java.lang.String],false,49,0,0,0,0,1,0,3,0,0,1,0,0,0,0,0,0,0,0,0,1,0,0,0,0,0,3,1,0,false
d:\SoftwareEngineering\roller-master\roller-master\app\src\main\java\org\apache\roller\weblogger\pojos\ObjectPermission.java,org.apache.roller.weblogger.pojos.ObjectPermission,getActions/0,false,59,0,2,2,0,1,0,3,1,0,0,0,0,0,0,0,0,0,0,0,0,0,0,0,0,0,3,1,0,false
d:\SoftwareEngineering\roller-master\roller-master\app\src\main\java\org\apache\roller\weblogger\pojos\ObjectPermission.java,org.apache.roller.weblogger.pojos.ObjectPermission,getDateCreated/0,false,87,0,0,0,0,1,0,3,1,0,0,0,0,0,0,0,0,0,0,0,0,0,0,0,0,0,4,1,0,false
d:\SoftwareEngineering\roller-master\roller-master\app\src\main\java\org\apache\roller\weblogger\ui\struts2\ajax\UserDataServlet.java,org.apache.roller.weblogger.ui.struts2.ajax.UserDataServlet,"doGet/2[org.apache.roller.weblogger.ui.struts2.ajax.HttpServletRequest,org.apache.roller.weblogger.ui.struts2.ajax.HttpServletResponse]",false,61,7,0,0,0,11,17,59,2,10,2,17,0,0,1,1,4,0,10,1,16,0,3,0,0,0,42,1,0,false
d:\SoftwareEngineering\roller-master\roller-master\app\src\main\java\org\apache\roller\weblogger\ui\struts2\admin\CreateUserBean.java,org.apache.roller.weblogger.ui.struts2.admin.CreateUserBean,setLocale/1[java.lang.String],false,110,0,1,1,0,1,0,3,0,0,1,0,0,0,0,0,0,0,0,0,1,0,0,0,0,0,3,1,0,false
d:\SoftwareEngineering\roller-master\roller-master\app\src\main\java\org\apache\roller\weblogger\ui\struts2\admin\CreateUserBean.java,org.apache.roller.weblogger.ui.struts2.admin.CreateUserBean,getLocale/0,false,106,0,0,0,0,1,0,3,1,0,0,0,0,0,0,0,0,0,0,0,0,0,0,0,0,0,3,1,0,false
d:\SoftwareEngineering\roller-master\roller-master\app\src\main\java\org\apache\roller\weblogger\ui\struts2\admin\CreateUserBean.java,org.apache.roller.weblogger.ui.struts2.admin.CreateUserBean,setOpenIdUrl/1[java.lang.String],false,126,0,0,0,0,1,0,3,0,0,1,0,0,0,0,0,0,0,0,0,1,0,0,0,0,0,5,1,0,false
d:\SoftwareEngineering\roller-master\roller-master\app\src\main\java\org\apache\roller\weblogger\ui\struts2\admin\CreateUserBean.java,org.apache.roller.weblogger.ui.struts2.admin.CreateUserBean,setTimeZone/1[java.lang.String],false,118,0,1,1,0,1,0,3,0,0,1,0,0,0,0,0,0,0,0,0,1,0,0,0,0,0,4,1,0,false
d:\SoftwareEngineering\roller-master\roller-master\app\src\main\java\org\apache\roller\weblogger\ui\struts2\admin\CreateUserBean.java,org.apache.roller.weblogger.ui.struts2.admin.CreateUserBean,getEnabled/0,false,130,0,0,0,0,1,0,3,1,0,0,0,0,0,0,0,0,0,0,0,0,0,0,0,0,0,4,1,0,false
d:\SoftwareEngineering\roller-master\roller-master\app\src\main\java\org\apache\roller\weblogger\ui\struts2\admin\CreateUserBean.java,org.apache.roller.weblogger.ui.struts2.admin.CreateUserBean,setActivationCode/1[java.lang.String],false,142,0,0,0,0,1,0,3,0,0,1,0,0,0,0,0,0,0,0,0,1,0,0,0,0,0,4,1,0,false
d:\SoftwareEngineering\roller-master\roller-master\app\src\main\java\org\apache\roller\weblogger\ui\struts2\admin\CreateUserBean.java,org.apache.roller.weblogger.ui.struts2.admin.CreateUserBean,setId/1[java.lang.String],false,62,0,0,0,0,1,0,3,0,0,1,0,0,0,0,0,0,0,0,0,1,0,0,0,0,0,3,1,0,false
d:\SoftwareEngineering\roller-master\roller-master\app\src\main\java\org\apache\roller\weblogger\ui\struts2\admin\CreateUserBean.java,org.apache.roller.weblogger.ui.struts2.admin.CreateUserBean,getActivationCode/0,false,138,0,0,0,0,1,0,3,1,0,0,0,0,0,0,0,0,0,0,0,0,0,0,0,0,0,4,1,0,false
d:\SoftwareEngineering\roller-master\roller-master\app\src\main\java\org\apache\roller\weblogger\ui\struts2\admin\CreateUserBean.java,org.apache.roller.weblogger.ui.struts2.admin.CreateUserBean,setEmailAddress/1[java.lang.String],false,102,0,0,0,0,1,0,3,0,0,1,0,0,0,0,0,0,0,0,0,1,0,0,0,0,0,4,1,0,false
d:\SoftwareEngineering\roller-master\roller-master\app\src\main\java\org\apache\roller\weblogger\ui\struts2\admin\CreateUserBean.java,org.apache.roller.weblogger.ui.struts2.admin.CreateUserBean,setAdministrator/1[boolean],false,150,0,0,0,0,1,0,3,0,0,1,0,0,0,0,0,0,0,0,0,1,0,0,0,0,0,3,1,0,false
d:\SoftwareEngineering\roller-master\roller-master\app\src\main\java\org\apache\roller\weblogger\ui\struts2\admin\CreateUserBean.java,org.apache.roller.weblogger.ui.struts2.admin.CreateUserBean,getFullName/0,false,90,0,0,0,0,1,0,3,1,0,0,0,0,0,0,0,0,0,0,0,0,0,0,0,0,0,4,1,0,false
d:\SoftwareEngineering\roller-master\roller-master\app\src\main\java\org\apache\roller\weblogger\ui\struts2\admin\CreateUserBean.java,org.apache.roller.weblogger.ui.struts2.admin.CreateUserBean,getOpenIdUrl/0,false,122,0,2,2,0,1,0,3,1,0,0,0,0,0,0,0,0,0,0,0,0,0,0,0,0,0,5,1,0,false
d:\SoftwareEngineering\roller-master\roller-master\app\src\main\java\org\apache\roller\weblogger\ui\struts2\admin\CreateUserBean.java,org.apache.roller.weblogger.ui.struts2.admin.CreateUserBean,getPassword/0,false,74,0,2,2,0,1,0,3,1,0,0,0,0,0,0,0,0,0,0,0,0,0,0,0,0,0,3,1,0,false
d:\SoftwareEngineering\roller-master\roller-master\app\src\main\java\org\apache\roller\weblogger\ui\struts2\admin\CreateUserBean.java,org.apache.roller.weblogger.ui.struts2.admin.CreateUserBean,isAdministrator/0,false,146,0,1,1,0,1,0,3,1,0,0,0,0,0,0,0,0,0,0,0,0,0,0,0,0,0,3,1,0,false
d:\SoftwareEngineering\roller-master\roller-master\app\src\main\java\org\apache\roller\weblogger\ui\struts2\admin\CreateUserBean.java,org.apache.roller.weblogger.ui.struts2.admin.CreateUserBean,getId/0,false,58,0,1,1,0,1,0,3,1,0,0,0,0,0,0,0,0,0,0,0,0,0,0,0,0,0,3,1,0,false
d:\SoftwareEngineering\roller-master\roller-master\app\src\main\java\org\apache\roller\weblogger\ui\struts2\admin\CreateUserBean.java,org.apache.roller.weblogger.ui.struts2.admin.CreateUserBean,setFullName/1[java.lang.String],false,94,0,0,0,0,1,0,3,0,0,1,0,0,0,0,0,0,0,0,0,1,0,0,0,0,0,4,1,0,false
d:\SoftwareEngineering\roller-master\roller-master\app\src\main\java\org\apache\roller\weblogger\ui\struts2\admin\CreateUserBean.java,org.apache.roller.weblogger.ui.struts2.admin.CreateUserBean,setPassword/1[java.lang.String],false,78,0,0,0,0,1,0,3,0,0,1,0,0,0,0,0,0,0,0,0,1,0,0,0,0,0,3,1,0,false
d:\SoftwareEngineering\roller-master\roller-master\app\src\main\java\org\apache\roller\weblogger\ui\struts2\admin\CreateUserBean.java,org.apache.roller.weblogger.ui.struts2.admin.CreateUserBean,getEmailAddress/0,false,98,0,0,0,0,1,0,3,1,0,0,0,0,0,0,0,0,0,0,0,0,0,0,0,0,0,4,1,0,false
d:\SoftwareEngineering\roller-master\roller-master\app\src\main\java\org\apache\roller\weblogger\ui\struts2\admin\CreateUserBean.java,org.apache.roller.weblogger.ui.struts2.admin.CreateUserBean,getTimeZone/0,false,114,0,0,0,0,1,0,3,1,0,0,0,0,0,0,0,0,0,0,0,0,0,0,0,0,0,4,1,0,false
d:\SoftwareEngineering\roller-master\roller-master\app\src\main\java\org\apache\roller\weblogger\ui\struts2\admin\CreateUserBean.java,org.apache.roller.weblogger.ui.struts2.admin.CreateUserBean,getUserName/0,false,66,0,4,4,0,1,0,3,1,0,0,0,0,0,0,0,0,0,0,0,0,0,0,0,0,0,4,1,0,false
d:\SoftwareEngineering\roller-master\roller-master\app\src\main\java\org\apache\roller\weblogger\ui\struts2\admin\CreateUserBean.java,org.apache.roller.weblogger.ui.struts2.admin.CreateUserBean,setEnabled/1[java.lang.Boolean],false,134,0,0,0,0,1,0,3,0,0,1,0,0,0,0,0,0,0,0,0,1,0,0,0,0,0,4,1,0,false
d:\SoftwareEngineering\roller-master\roller-master\app\src\main\java\org\apache\roller\weblogger\ui\struts2\admin\CreateUserBean.java,org.apache.roller.weblogger.ui.struts2.admin.CreateUserBean,copyTo/1[org.apache.roller.weblogger.ui.struts2.admin.User],false,154,1,1,1,0,1,8,10,0,0,1,8,0,0,0,0,0,0,0,0,0,0,0,0,0,0,5,1,0,false
d:\SoftwareEngineering\roller-master\roller-master\app\src\main\java\org\apache\roller\weblogger\ui\struts2\admin\CreateUserBean.java,org.apache.roller.weblogger.ui.struts2.admin.CreateUserBean,setList/1[java.util.List<java.lang.String>],false,54,0,0,0,0,1,0,3,0,0,1,0,0,0,0,0,0,0,0,0,1,0,0,0,0,0,3,1,0,false
d:\SoftwareEngineering\roller-master\roller-master\app\src\main\java\org\apache\roller\weblogger\ui\struts2\admin\CreateUserBean.java,org.apache.roller.weblogger.ui.struts2.admin.CreateUserBean,setUserName/1[java.lang.String],false,70,0,0,0,0,1,0,3,0,0,1,0,0,0,0,0,0,0,0,0,1,0,0,0,0,0,4,1,0,false
d:\SoftwareEngineering\roller-master\roller-master\app\src\main\java\org\apache\roller\weblogger\ui\struts2\admin\CreateUserBean.java,org.apache.roller.weblogger.ui.struts2.admin.CreateUserBean,getList/0,false,50,0,0,0,0,1,0,3,1,0,0,0,0,0,0,0,0,0,0,0,0,0,0,0,0,0,3,1,0,false
d:\SoftwareEngineering\roller-master\roller-master\app\src\main\java\org\apache\roller\weblogger\ui\struts2\admin\CreateUserBean.java,org.apache.roller.weblogger.ui.struts2.admin.CreateUserBean,copyFrom/1[org.apache.roller.weblogger.ui.struts2.admin.User],false,167,2,1,1,0,2,15,19,0,1,1,15,0,0,0,0,1,0,0,0,13,0,1,0,0,0,12,1,0,false
d:\SoftwareEngineering\roller-master\roller-master\app\src\main\java\org\apache\roller\weblogger\ui\struts2\admin\CreateUserBean.java,org.apache.roller.weblogger.ui.struts2.admin.CreateUserBean,getScreenName/0,false,82,0,0,0,0,1,0,3,1,0,0,0,0,0,0,0,0,0,0,0,0,0,0,0,0,0,4,1,0,false
d:\SoftwareEngineering\roller-master\roller-master\app\src\main\java\org\apache\roller\weblogger\ui\struts2\admin\CreateUserBean.java,org.apache.roller.weblogger.ui.struts2.admin.CreateUserBean,setScreenName/1[java.lang.String],false,86,0,0,0,0,1,0,3,0,0,1,0,0,0,0,0,0,0,0,0,1,0,0,0,0,0,4,1,0,false
d:\SoftwareEngineering\roller-master\roller-master\app\src\main\java\org\apache\roller\weblogger\ui\struts2\util\UISecurityInterceptor.java,org.apache.roller.weblogger.ui.struts2.util.UISecurityInterceptor,doIntercept/1[org.apache.roller.weblogger.ui.struts2.util.ActionInvocation],false,42,8,7,0,7,19,19,50,5,7,1,19,0,0,0,4,0,3,7,0,7,1,6,0,0,0,46,1,6,false
d:\SoftwareEngineering\roller-master\roller-master\app\src\main\java\org\apache\roller\weblogger\business\UserManager.java,org.apache.roller.weblogger.business.UserManager,getUserByOpenIdUrl/1[java.lang.String],false,119,1,2,2,0,1,0,1,0,0,1,0,0,0,0,0,0,0,0,0,0,0,0,0,0,0,34,0,0,true
d:\SoftwareEngineering\roller-master\roller-master\app\src\main\java\org\apache\roller\weblogger\business\UserManager.java,org.apache.roller.weblogger.business.UserManager,"confirmWeblogPermission/2[org.apache.roller.weblogger.pojos.Weblog,org.apache.roller.weblogger.pojos.User]",false,214,2,0,0,0,1,0,1,0,0,2,0,0,0,0,0,0,0,0,0,0,0,0,0,0,0,25,0,0,true
d:\SoftwareEngineering\roller-master\roller-master\app\src\main\java\org\apache\roller\weblogger\business\UserManager.java,org.apache.roller.weblogger.business.UserManager,getWeblogPermissions/1[org.apache.roller.weblogger.pojos.Weblog],false,258,2,3,3,0,1,0,1,0,0,1,0,0,0,0,0,0,0,0,0,0,0,0,0,0,0,13,0,0,true
d:\SoftwareEngineering\roller-master\roller-master\app\src\main\java\org\apache\roller\weblogger\business\UserManager.java,org.apache.roller.weblogger.business.UserManager,"getWeblogPermissionIncludingPending/2[org.apache.roller.weblogger.pojos.Weblog,org.apache.roller.weblogger.pojos.User]",false,283,3,0,0,0,1,0,1,0,0,2,0,0,0,0,0,0,0,0,0,0,0,0,0,0,0,15,0,0,true
d:\SoftwareEngineering\roller-master\roller-master\app\src\main\java\org\apache\roller\weblogger\business\UserManager.java,org.apache.roller.weblogger.business.UserManager,"checkPermission/2[org.apache.roller.weblogger.pojos.RollerPermission,org.apache.roller.weblogger.pojos.User]",false,185,2,5,5,0,1,0,1,0,0,2,0,0,0,0,0,0,0,0,0,0,0,0,0,0,0,10,0,0,true
d:\SoftwareEngineering\roller-master\roller-master\app\src\main\java\org\apache\roller\weblogger\business\UserManager.java,org.apache.roller.weblogger.business.UserManager,getRoles/1[org.apache.roller.weblogger.pojos.User],false,313,1,3,3,0,1,0,1,0,0,1,0,0,0,0,0,0,0,0,0,0,0,0,0,0,0,18,0,0,true
d:\SoftwareEngineering\roller-master\roller-master\app\src\main\java\org\apache\roller\weblogger\business\UserManager.java,org.apache.roller.weblogger.business.UserManager,getUserCount/0,false,69,0,1,1,0,1,0,1,0,0,0,0,0,0,0,0,0,0,0,0,0,0,0,0,0,0,10,0,0,true
d:\SoftwareEngineering\roller-master\roller-master\app\src\main\java\org\apache\roller\weblogger\business\UserManager.java,org.apache.roller.weblogger.business.UserManager,saveUser/1[org.apache.roller.weblogger.pojos.User],false,51,1,0,0,0,1,0,1,0,0,1,0,0,0,0,0,0,0,0,0,0,0,0,0,0,0,12,0,0,true
d:\SoftwareEngineering\roller-master\roller-master\app\src\main\java\org\apache\roller\weblogger\business\UserManager.java,org.apache.roller.weblogger.business.UserManager,"getUsers/5[java.lang.Boolean,java.util.Date,java.util.Date,int,int]",false,132,1,2,2,0,1,0,1,0,0,5,0,0,0,0,0,0,0,0,0,0,0,0,0,0,0,58,0,0,true
d:\SoftwareEngineering\roller-master\roller-master\app\src\main\java\org\apache\roller\weblogger\business\UserManager.java,org.apache.roller.weblogger.business.UserManager,release/0,false,322,0,1,1,0,1,0,1,0,0,0,0,0,0,0,0,0,0,0,0,0,0,0,0,0,0,6,0,0,true
d:\SoftwareEngineering\roller-master\roller-master\app\src\main\java\org\apache\roller\weblogger\business\UserManager.java,org.apache.roller.weblogger.business.UserManager,getUser/1[java.lang.String],false,87,1,0,0,0,1,0,1,0,0,1,0,0,0,0,0,0,0,0,0,0,0,0,0,0,0,22,0,0,true
d:\SoftwareEngineering\roller-master\roller-master\app\src\main\java\org\apache\roller\weblogger\business\UserManager.java,org.apache.roller.weblogger.business.UserManager,"revokeWeblogPermission/3[org.apache.roller.weblogger.pojos.Weblog,org.apache.roller.weblogger.pojos.User,java.util.List<java.lang.String>]",false,234,2,1,1,0,1,0,1,0,0,3,0,0,0,0,0,0,0,0,0,0,0,0,0,0,0,26,0,0,true
d:\SoftwareEngineering\roller-master\roller-master\app\src\main\java\org\apache\roller\weblogger\business\UserManager.java,org.apache.roller.weblogger.business.UserManager,addUser/1[org.apache.roller.weblogger.pojos.User],false,38,1,1,1,0,1,0,1,0,0,1,0,0,0,0,0,0,0,0,0,0,0,0,0,0,0,34,0,0,true
d:\SoftwareEngineering\roller-master\roller-master\app\src\main\java\org\apache\roller\weblogger\business\UserManager.java,org.apache.roller.weblogger.business.UserManager,"grantWeblogPermission/3[org.apache.roller.weblogger.pojos.Weblog,org.apache.roller.weblogger.pojos.User,java.util.List<java.lang.String>]",false,192,2,1,1,0,1,0,1,0,0,3,0,0,0,0,0,0,0,0,0,0,0,0,0,0,0,25,0,0,true
d:\SoftwareEngineering\roller-master\roller-master\app\src\main\java\org\apache\roller\weblogger\business\UserManager.java,org.apache.roller.weblogger.business.UserManager,"getWeblogPermission/2[org.apache.roller.weblogger.pojos.Weblog,org.apache.roller.weblogger.pojos.User]",false,277,3,1,1,0,1,0,1,0,0,2,0,0,0,0,0,0,0,0,0,0,0,0,0,0,0,13,0,0,true
d:\SoftwareEngineering\roller-master\roller-master\app\src\main\java\org\apache\roller\weblogger\business\UserManager.java,org.apache.roller.weblogger.business.UserManager,getUserNameLetterMap/0,false,167,0,1,1,0,1,0,1,0,0,0,0,0,0,0,0,0,0,0,0,0,0,0,0,0,0,26,0,0,true
d:\SoftwareEngineering\roller-master\roller-master\app\src\main\java\org\apache\roller\weblogger\business\UserManager.java,org.apache.roller.weblogger.business.UserManager,"hasRole/2[java.lang.String,org.apache.roller.weblogger.pojos.User]",false,305,1,1,1,0,1,0,1,0,0,2,0,0,0,0,0,0,0,0,0,0,0,0,0,0,0,15,0,0,true
d:\SoftwareEngineering\roller-master\roller-master\app\src\main\java\org\apache\roller\weblogger\business\UserManager.java,org.apache.roller.weblogger.business.UserManager,"getUsersByLetter/3[char,int,int]",false,175,1,1,1,0,1,0,1,0,0,3,0,0,0,0,0,0,0,0,0,0,0,0,0,0,0,17,0,0,true
d:\SoftwareEngineering\roller-master\roller-master\app\src\main\java\org\apache\roller\weblogger\business\UserManager.java,org.apache.roller.weblogger.business.UserManager,getWeblogPermissions/1[org.apache.roller.weblogger.pojos.User],false,245,2,2,2,0,1,0,1,0,0,1,0,0,0,0,0,0,0,0,0,0,0,0,0,0,0,11,0,0,true
d:\SoftwareEngineering\roller-master\roller-master\app\src\main\java\org\apache\roller\weblogger\business\UserManager.java,org.apache.roller.weblogger.business.UserManager,getPendingWeblogPermissions/1[org.apache.roller.weblogger.pojos.User],false,252,2,0,0,0,1,0,1,0,0,1,0,0,0,0,0,0,0,0,0,0,0,0,0,0,0,13,0,0,true
d:\SoftwareEngineering\roller-master\roller-master\app\src\main\java\org\apache\roller\weblogger\business\UserManager.java,org.apache.roller.weblogger.business.UserManager,getUserByUserName/1[java.lang.String],false,96,1,10,10,0,1,0,1,0,0,1,0,0,0,0,0,0,0,0,0,0,0,0,0,0,0,29,0,0,true
d:\SoftwareEngineering\roller-master\roller-master\app\src\main\java\org\apache\roller\weblogger\business\UserManager.java,org.apache.roller.weblogger.business.UserManager,"getUsersStartingWith/4[java.lang.String,java.lang.Boolean,int,int]",false,154,1,0,0,0,1,0,1,0,0,4,0,0,0,0,0,0,0,0,0,0,0,0,0,0,0,42,0,0,true
d:\SoftwareEngineering\roller-master\roller-master\app\src\main\java\org\apache\roller\weblogger\business\UserManager.java,org.apache.roller.weblogger.business.UserManager,getPendingWeblogPermissions/1[org.apache.roller.weblogger.pojos.Weblog],false,264,2,0,0,0,1,0,1,0,0,1,0,0,0,0,0,0,0,0,0,0,0,0,0,0,0,14,0,0,true
d:\SoftwareEngineering\roller-master\roller-master\app\src\main\java\org\apache\roller\weblogger\business\UserManager.java,org.apache.roller.weblogger.business.UserManager,getWeblogPermissionsIncludingPending/1[org.apache.roller.weblogger.pojos.Weblog],false,270,2,0,0,0,1,0,1,0,0,1,0,0,0,0,0,0,0,0,0,0,0,0,0,0,0,15,0,0,true
d:\SoftwareEngineering\roller-master\roller-master\app\src\main\java\org\apache\roller\weblogger\business\UserManager.java,org.apache.roller.weblogger.business.UserManager,removeUser/1[org.apache.roller.weblogger.pojos.User],false,60,1,0,0,0,1,0,1,0,0,1,0,0,0,0,0,0,0,0,0,0,0,0,0,0,0,12,0,0,true
d:\SoftwareEngineering\roller-master\roller-master\app\src\main\java\org\apache\roller\weblogger\business\UserManager.java,org.apache.roller.weblogger.business.UserManager,"declineWeblogPermission/2[org.apache.roller.weblogger.pojos.Weblog,org.apache.roller.weblogger.pojos.User]",false,224,2,0,0,0,1,0,1,0,0,2,0,0,0,0,0,0,0,0,0,0,0,0,0,0,0,22,0,0,true
d:\SoftwareEngineering\roller-master\roller-master\app\src\main\java\org\apache\roller\weblogger\business\UserManager.java,org.apache.roller.weblogger.business.UserManager,"getUserByUserName/2[java.lang.String,java.lang.Boolean]",false,108,1,3,3,0,1,0,1,0,0,2,0,0,0,0,0,0,0,0,0,0,0,0,0,0,0,27,0,0,true
d:\SoftwareEngineering\roller-master\roller-master\app\src\main\java\org\apache\roller\weblogger\business\UserManager.java,org.apache.roller.weblogger.business.UserManager,"grantWeblogPermissionPending/3[org.apache.roller.weblogger.pojos.Weblog,org.apache.roller.weblogger.pojos.User,java.util.List<java.lang.String>]",false,203,2,0,0,0,1,0,1,0,0,3,0,0,0,0,0,0,0,0,0,0,0,0,0,0,0,28,0,0,true
d:\SoftwareEngineering\roller-master\roller-master\app\src\main\java\org\apache\roller\weblogger\business\UserManager.java,org.apache.roller.weblogger.business.UserManager,getUserByActivationCode/1[java.lang.String],false,75,1,0,0,0,1,0,1,0,0,1,0,0,0,0,0,0,0,0,0,0,0,0,0,0,0,12,0,0,true
d:\SoftwareEngineering\roller-master\roller-master\app\src\main\java\org\apache\roller\weblogger\business\UserManager.java,org.apache.roller.weblogger.business.UserManager,"revokeRole/2[java.lang.String,org.apache.roller.weblogger.pojos.User]",false,299,1,0,0,0,1,0,1,0,0,2,0,0,0,0,0,0,0,0,0,0,0,0,0,0,0,8,0,0,true
d:\SoftwareEngineering\roller-master\roller-master\app\src\main\java\org\apache\roller\weblogger\business\UserManager.java,org.apache.roller.weblogger.business.UserManager,"grantRole/2[java.lang.String,org.apache.roller.weblogger.pojos.User]",false,293,1,1,1,0,1,0,1,0,0,2,0,0,0,0,0,0,0,0,0,0,0,0,0,0,0,8,0,0,true
d:\SoftwareEngineering\roller-master\roller-master\app\src\main\java\org\apache\roller\weblogger\ui\core\security\RollerRememberMeServices.java,org.apache.roller.weblogger.ui.core.security.RollerRememberMeServices,RollerRememberMeServices/1[org.apache.roller.weblogger.ui.core.security.UserDetailsService],true,37,2,2,0,2,3,5,8,0,0,1,5,0,0,0,0,0,0,8,0,0,1,1,0,0,0,33,1,2,false
d:\SoftwareEngineering\roller-master\roller-master\app\src\main\java\org\apache\roller\weblogger\ui\core\security\RollerRememberMeServices.java,org.apache.roller.weblogger.ui.core.security.RollerRememberMeServices,"makeTokenSignature/3[long,java.lang.String,java.lang.String]",false,59,1,2,0,2,4,8,16,1,3,3,8,0,0,0,1,1,0,8,0,4,1,1,0,0,0,49,4,1,true
d:\SoftwareEngineering\roller-master\roller-master\app\src\main\java\org\apache\roller\weblogger\ui\core\security\AuthoritiesPopulator.java,org.apache.roller.weblogger.ui.core.security.AuthoritiesPopulator,setDefaultRole/1[java.lang.String],false,94,1,0,0,0,1,1,4,0,0,1,1,0,0,0,0,0,0,1,0,1,0,0,0,0,0,21,1,0,true
d:\SoftwareEngineering\roller-master\roller-master\app\src\main\java\org\apache\roller\weblogger\ui\core\security\AuthoritiesPopulator.java,org.apache.roller.weblogger.ui.core.security.AuthoritiesPopulator,"getGrantedAuthorities/2[org.apache.roller.weblogger.ui.core.security.DirContextOperations,java.lang.String]",false,51,9,4,0,4,8,7,30,1,6,2,7,0,0,1,4,1,1,4,2,7,2,2,0,0,0,44,1,0,false
